Year,Total
2001,25668.048326
2002,26281.037468
2003,27651.596453
2004,28636.695037
2005,29614.602256
2006,30593.116788
2007,31506.7892
2008,32085.836322
2009,31564.030692
2010,33364.346496
2011,34487.011618
2012,35006.267581
