Year,"Tracheal, bronchus, and lung cancer ",Total
2001,1306846.723,25668.048326
2002,1340682.674,26281.037468
2003,1365249.848,27651.596453
2004,1393709.471,28636.695037
2005,1432109.236,29614.602256
2006,1442256.732,30593.116788
2007,1463438.307,31506.7892
2008,1490301.894,32085.836322
2009,1519201.472,31564.030692
2010,1551746.946,33364.346496
2011,1568912.519,34487.011618
2012,1592772.308,35006.267581
